{
  "accuracy": 0.9616666666666667,
  "precision": 0.9801324503311258,
  "recall": 0.9456869009584664,
  "f1": 0.9626016260162602,
  "roc_auc": 0.9950244347719608,
  "pr_auc": 0.9956554626248352,
  "n_train": 24000,
  "n_test": 6000,
  "cv_mean": 0.948250467191226,
  "cv_std": 0.002912763224711917
}